﻿#,Reference,Quantity,Qty,Qty Multiplier,Value,Description,Package,Footprint,Detailed Description,Datasheet,Manufacturer,Manufacturer Part Number,Mouser Link,Mouser Part Number,DigiKey Link,DigiKey Part Number,AliExpress Link,AliExpress Part Number,DNP
1,AE1,2,1,2,ANT-916-CW-RCS-SMA,915MHZ CCOMPACT RIGHT ANGLE WHIP,n/a,,"RF ANTENNA ISM, LoRaWAN, LPWA Whip, Right Angle SMA Male Connector Mount",https://www.te.com/commerce/DocumentDelivery/DDEController?Action=srchrtrv&DocNm=CW-RCS_Series&DocType=Data+Sheet&DocLang=English&DocFormat=pdf&PartCntxt=ANT-916-CW-RCS,TE Connectivity Linx,ANT-916-CW-RCS-SMA,https://www.mouser.ca/ProductDetail/TE-Connectivity-Linx-Technologies/ANT-916-CW-RCS-SMA?qs=vvQtp7zwQdOkPNFyaB0lDA%3D%3D,712-ANT-916-CWRCSSMA ,https://www.digikey.ca/en/products/detail/te-connectivity-linx/ANT-916-CW-RCS-SMA/16630288?s=N4IgTCBcDaIIIDkAqBaAnARgGwoMIHUUAlXAZRVIFk4QBdAXyA,343-ANT-916-CW-RCS-SMA-ND,,,
2,BT1,1,1,,18650 Sodium-ion 3V 1500mAh,18650 Sodium-ion 3V 1500mAh,18650,Connector_PinHeader_2.54mm:PinHeader_1x02_P2.54mm_Vertical,18650 Sodium Battery 3V 1500mAh SIB Rechargeable Cell 3000+Cycles NA-ion Batteries for Energy Storage E-Bike Scooter Toy Cars,https://www.aliexpress.com/item/1005005859082063.html,SelianEnergy Lifepo4 Battery Store,18650 Sodium-ion 3V 1500mAh,,,,,https://www.aliexpress.com/item/1005005859082063.html,Color: 3V 1500mAh 4PCS,
3,"C1,C20,C21,C22,C24",5,5,,22uF ±10%,CAP CER 22UF 25V X5R 1206,1206 (3216 Metric),Capacitor_SMD:C_1206_3216Metric_Pad1.33x1.80mm_HandSolder,22 µF ±10% 25V Ceramic Capacitor X5R 1206 (3216 Metric),https://mm.digikey.com/Volume0/opasdata/d220001/medias/docus/658/CL31A226KAHNNNE_Spec.pdf,Samsung Electro-Mechanics,CL31A226KAHNNNE,https://www.mouser.ca/ProductDetail/Samsung-Electro-Mechanics/CL31A226KAHNNNE?qs=X6jEic%2FHinCdwsjGJII51w%3D%3D,187-CL31A226KAHNNNE ,https://www.digikey.ca/en/products/detail/samsung-electro-mechanics/CL31A226KAHNNNE/3888705,1276-3047-1-ND ,,,
4,"C2,C4",2,2,,"1uF, X7R",CAP CER 1UF 50V X7R 0805,0805 (2012 Metric),Capacitor_SMD:C_0805_2012Metric_Pad1.18x1.45mm_HandSolder,1 µF ±10% 50V Ceramic Capacitor X7R 0805 (2012 Metric),https://mm.digikey.com/Volume0/opasdata/d220001/medias/docus/609/CL21B105KBFNNNE_Spec.pdf,Samsung Electro-Mechanics,CL21B105KBFNNNE,https://www.mouser.ca/ProductDetail/Samsung-Electro-Mechanics/CL21B105KBFNNNE?qs=yOVawPpwOwmddQEBPU6Y9A%3D%3D,187-CL21B105KBFNNNE ,https://www.digikey.ca/en/products/detail/samsung-electro-mechanics/CL21B105KBFNNNE/3886687,1276-1029-1-ND ,,,
5,"C3,C7,C10,C14",4,4,,"0.1uF ±10%, X7R",CAP CER 0.1UF 100V X7R 0805,0805 (2012 Metric),Capacitor_SMD:C_0805_2012Metric_Pad1.18x1.45mm_HandSolder,0.1 µF ±10% 100V Ceramic Capacitor X7R 0805 (2012 Metric),https://mm.digikey.com/Volume0/opasdata/d220001/medias/docus/893/CL21B104KCFNNNE_Spec.pdf,Samsung Electro-Mechanics,CL21B104KCFNNNE,https://www.mouser.ca/ProductDetail/Samsung-Electro-Mechanics/CL21B104KCFNNNE?qs=lptGheUA4EwiEGVRX9oguw%3D%3D,187-CL21B104KCFNNNE ,https://www.digikey.ca/en/products/detail/samsung-electro-mechanics/CL21B104KCFNNNE/5961324,1276-6840-1-ND ,,,
6,C5,1,1,,"10uF, X7R",CAP CER 10UF 25V X7R 1206,1206 (3216 Metric),Capacitor_SMD:C_1206_3216Metric_Pad1.33x1.80mm_HandSolder,10 µF ±10% 25V Ceramic Capacitor X7R 1206 (3216 Metric),https://mm.digikey.com/Volume0/opasdata/d220001/medias/docus/658/CL31B106KAHNNNE_Spec.pdf,Samsung Electro-Mechanics,CL31B106KAHNNNE,https://www.mouser.ca/ProductDetail/Samsung-Electro-Mechanics/CL31B106KAHNNNE?qs=349EhDEZ59r5EZhnLOTsYA%3D%3D,187-CL31B106KAHNNNE ,https://www.digikey.ca/en/products/detail/samsung-electro-mechanics/CL31B106KAHNNNE/3887462,1276-1804-1-ND ,,,
7,"C6,C8,C9,C11,C13,C15,C16,C17,C18",9,9,,6.8nF ±10%,6.8nF+/-10% 50V X7R 0603,0603 (1608 metric),Capacitor_SMD:C_0603_1608Metric_Pad1.08x0.95mm_HandSolder,Multilayer Ceramic Capacitors MLCC - SMD/SMT 6.8nF+/-10% 50V X7R 0603,https://www.mouser.ca/datasheet/2/585/MLCC-1837944.pdf,Samsung Electro-Mechanics,CL10B682KB8NNNC,https://mou.sr/3J8ffq3,187-CL10B682KB8NNNC,https://www.digikey.ca/en/products/detail/samsung-electro-mechanics/CL10B682KB8NNNC/3886843?s=N4IgTCBcDaIMIBkCMAGAQgNgBxgNJqwDli4QBdAXyA,1276-1185-2-ND,,,
8,C12,1,1,,"10nF ±10%, Ceramic, X7R, >4V",CAP CER 10000PF 50V X7R 0603,0603 (1608 Metric),Capacitor_SMD:C_0603_1608Metric_Pad1.08x0.95mm_HandSolder,10000 pF ±10% 50V Ceramic Capacitor X7R 0603 (1608 Metric),https://weblib.samsungsem.com/mlcc/mlcc-ec-data-sheet.do?partNumber=CL10B103KB8WPN,Samsung Electro-Mechanics,CL10B103KB8WPND,https://www.mouser.ca/ProductDetail/Samsung-Electro-Mechanics/CL10B103KB8WPND?qs=8FiHyeu39FI5MnD%252B2s5YlA%3D%3D,187-CL10B103KB8WPND ,https://www.digikey.ca/en/products/detail/samsung-electro-mechanics/CL10B103KB8WPND/11487754,1276-CL10B103KB8WPNDCT-ND ,,,
9,"D1,D2,D3,D4,D5,D6,D7,D8,D9,D10,D11,D12,D13,D14,D15,D16,D17,D18",18,18,,D_Zener_Small,DIODE ZENER 3.3V 500MW SOD123,SOD-123,Diode_SMD:D_SOD-123,Zener Diode 3.3 V 500 mW ±5% Surface Mount SOD-123,https://www.diodes.com/datasheet/download/DDZ96xx-DDZ97xx.pdf,Diodes Incorporated,DDZ9684-7,https://www.mouser.ca/ProductDetail/Diodes-Incorporated/DDZ9684-7?qs=mQbszxtPdlN5OVpmKRGZYw%3D%3D,621-DDZ9684-7 ,https://www.digikey.ca/en/products/detail/diodes-incorporated/DDZ9684-7/1934818,DDZ9684-7DITR-ND,,,
10,F1,2,1,2,FAST-BLOW 375mA 32V 0.45Ω,FUSE BOARD MNT 375MA 32VDC 0603,0603 (1608 Metric),Fuse:Fuse_0603_1608Metric_Pad1.05x0.95mm_HandSolder,375 mA 32 V Fuse Board Mount (Cartridge Style Excluded) Surface Mount 0603 (1608 Metric),https://datasheets.kyocera-avx.com/AccuGuard2.pdf,KYOCERA AVX,F0603E0R37FSTR,https://www.mouser.ca/ProductDetail/KYOCERA-AVX/F0603E0R37FSTR?qs=vco6xy%252BeH1oeD3dI3xk78w%3D%3D,581-F0603E0R37FSTR ,https://www.digikey.ca/en/products/detail/kyocera-avx/F0603E0R37FSTR/768542,478-2859-1-ND ,,,
11,F2,6,1,6,"70mA 5s Fusing, 7.5 Ohms",FUSE BOARD MOUNT 28MA 63VDC 0603,0603 (1608 Metric),Fuse:Fuse_0603_1608Metric_Pad1.05x0.95mm_HandSolder,28 mA 63 V Fuse Board Mount (Cartridge Style Excluded) Surface Mount 0603 (1608 Metric),https://datasheets.kyocera-avx.com/AccuGuardLC_0402.pdf,KYOCERA AVX,F0603G0R02FNTR,https://www.mouser.ca/ProductDetail/KYOCERA-AVX/F0603G0R02FNTR?qs=%252BdQmOuGyFcEJ7yNI5Fr0SQ%3D%3D,581-F0603G0R02FNTR ,https://www.digikey.ca/en/products/detail/kyocera-avx/F0603G0R02FNTR/9948432,478-13097-1-ND ,,,
12,"F3,F4,F5,F6,F7,F8,F9",7,7,,"70mA 5s Fusing, 7.5 Ohms",FUSE BOARD MOUNT 28MA 63VDC 0603,0603 (1608 Metric),Fuse:Fuse_0603_1608Metric_Pad1.05x0.95mm_HandSolder,28 mA 63 V Fuse Board Mount (Cartridge Style Excluded) Surface Mount 0603 (1608 Metric),https://datasheets.kyocera-avx.com/AccuGuardLC_0402.pdf,KYOCERA AVX,F0603G0R02FNTR,https://www.mouser.ca/ProductDetail/KYOCERA-AVX/F0603G0R02FNTR?qs=%252BdQmOuGyFcEJ7yNI5Fr0SQ%3D%3D,581-F0603G0R02FNTR ,https://www.digikey.ca/en/products/detail/kyocera-avx/F0603G0R02FNTR/9948432,478-13097-1-ND ,,,
13,"J6,J7,J8,J9,J10,J11,J12,J13",8,8,,IDC 6Pin Male Header,CONN HEADER VERT 6POS 2.54MM,n/a,Lib:AdamTech_BHR-06-VUA,"Connector Header Through Hole 6 position 0.100"" (2.54mm)",https://app.adam-tech.com/products/download/data_sheet/203218/bhr-xx-vua-data-sheet.pdf,Adam Tech,BHR-06-VUA,https://www.mouser.ca/ProductDetail/Adam-Tech/BHR-06-VUA?qs=HoCaDK9Nz5cobId%2FEjMHxg%3D%3D,737-BHR-06-VUA ,https://www.digikey.ca/en/products/detail/adam-tech/BHR-06-VUA/10414837,2057-BHR-06-VUA-ND,,,
14,"J14,J16",16,2,8,IDC 6Pin Male Header,CONN HEADER VERT 6POS 2.54MM,n/a,Lib:AdamTech_BHR-06-VUA,"Connector Header Through Hole 6 position 0.100"" (2.54mm)",https://app.adam-tech.com/products/download/data_sheet/203218/bhr-xx-vua-data-sheet.pdf,Adam Tech,BHR-06-VUA,https://www.mouser.ca/ProductDetail/Adam-Tech/BHR-06-VUA?qs=HoCaDK9Nz5cobId%2FEjMHxg%3D%3D,737-BHR-06-VUA ,https://www.digikey.ca/en/products/detail/adam-tech/BHR-06-VUA/10414837,2057-BHR-06-VUA-ND,,,
15,"J15,J17,J18",24,3,8,IDC 6Pin Female Socket,SOCKET FLAT CABLE IDC 6P 2.54MM,n/a,,6 Position Rectangular Socket Connector IDC Gold,https://app.adam-tech.com/products/download/data_sheet/203410/fcs-xx-sg-data-sheet.pdf,Adam Tech,FCS-06-SG,https://www.mouser.ca/ProductDetail/Adam-Tech/FCS-06-SG?qs=xBpwZ0JX2zKrrDVVtBNx1A%3D%3D,737-FCS-06-SG ,https://www.digikey.ca/en/products/detail/adam-tech/FCS-06-SG/9832561,2057-FCS-06-SG-ND,,,
16,J19,2,1,2,CON-SMA-EDGE-S,RF Connectors / Coaxial Connectors SMA Female PCB Edge Mount,n/a,,"SMA Connector Jack, Female Socket Board Edge, End Launch Solder",https://www.mouser.ca/datasheet/2/975/CON_SMA_EDGE_6_DATASHEET-3539198.pdf,RF Solutions ,CON-SMA-EDGE-S,https://www.mouser.ca/ProductDetail/RF-Solutions/CON-SMA-EDGE-S?qs=UkDUCjYnTB3a941HfsgOOA%3D%3D,223-CON-SMA-EDGE-S ,https://www.digikey.ca/en/products/detail/rf-solutions/CON-SMA-EDGE-S/5845767,CON-SMA-EDGE-S-ND,,,
17,L1,1,1,,150.0uH,FIXED IND 150UH 330MA 2.64OHM SM,1616 (4040 Metric),Lib:LQH44PH151MPRL_IND_LQH44PN_PR_MUR-M,"150 µH Shielded Drum Core, Wirewound Inductor 330 mA 2.64Ohm Max 1616 (4040 Metric)",https://search.murata.co.jp/Ceramy/image/img/P02/JELF243A-9153.pdf,Murata Electronics,LQH44PH151MPRL,https://www.mouser.ca/ProductDetail/Murata-Electronics/LQH44PH151MPRL?qs=rkhjVJ6%2F3EJ9BU%2FIW%252BFNJA%3D%3D,81-LQH44PH151MPRL,https://www.digikey.com/en/products/detail/murata-electronics/LQH44PH151MPRL/11690210,490-LQH44PH151MPRLCT-ND ,,,
18,N1,1,1,,Battery Holder,BATT HOLDER 18650 4 CELL LEADS,n/a,Lib:BATT_HOLDER_18650_4_CELL_LEADS,Battery Holder (Open) 18650 4 Cell Wire Leads,https://mm.digikey.com/Volume0/opasdata/d220001/medias/docus/338/114090052_Web.pdf,"Seeed Technology Co., Ltd",114090052,https://www.mouser.ca/ProductDetail/Seeed-Studio/114090052?qs=OTrKUuiFdkbetX%2F%2FZD%2Frtw%3D%3D,713-114090052,https://www.digikey.com/en/products/detail/seeed-technology-co-ltd/114090052/10451909,1597-114090052-ND,,,
19,N2,1,1,,Battery Holder,BATTERY HOLDER AA 6 CELL,n/a,Lib:BATT_HOLDER_18650_4_CELL_LEADS,Battery Holder (Covered) AA 6 Cell,https://www.memoryprotectiondevices.com/datasheets/BH26AAB/BH26AAB-datasheet.pdf,MPD (Memory Protection Devices),BH26AAB,,,https://www.digikey.ca/en/products/detail/mpd-memory-protection-devices/BH26AAB/2439329?s=N4IgTCBcDaILIAUAiACAQgCTANgIK7RAF0BfIA,BH26AAB-ND,,,
20,Q3,1,1,,PMOS,MOSFET P-CH 100V 600MA SOT23-3,"TO-236-3, SC-59, SOT-23-3 ",Package_TO_SOT_SMD:TSOT-23,P-Channel 100 V 600mA (Ta) 625mW (Ta) Surface Mount SOT-23-3,https://www.diodes.com/assets/Datasheets/ZXMP10A13F.pdf,Diodes Incorporated,ZXMP10A13FTA,https://www.mouser.ca/ProductDetail/Diodes-Incorporated/ZXMP10A13FTA?qs=4zh0VFflF2ED5l%2FE78e7YQ%3D%3D,522-ZXMP10A13FTA,https://www.digikey.ca/en/products/detail/diodes-incorporated/ZXMP10A13FTA/560644,ZXMP10A13FTR-ND,,,
21,R1,1,1,,0,RES SMD 0 OHM JUMPER 1/2W 0805,0805 (2012 Metric),Lib:ZeroOhmSwitch_R_0805_2012Metric_Pad1.20x1.40mm_HandSolder,"0 Ohms Jumper Chip Resistor 0805 (2012 Metric) Automotive AEC-Q200, Pulse Withstanding Thick Film",https://www.vishay.com/docs/20043/crcwhpe3.pdf,Vishay Dale,CRCW08050000Z0EA,https://www.mouser.ca/ProductDetail/Vishay/CRCW08050000Z0EA?qs=waxnFHLl2hB4NcTp6tAQPA%3D%3D,71-CRCW0805-0-E3,https://www.digikey.com/en/products/detail/vishay-dale/CRCW08050000Z0EAHP/2222316,541-0.0TBCT-ND ,,,
22,"R2,R11,R13,R15,R17,R19,R21,R23",8,8,,10000.0% ±1,RES SMD 100 OHM 1% 1/8W 0805,0805 (2012 Metric),Resistor_SMD:R_0805_2012Metric_Pad1.20x1.40mm_HandSolder,"100 Ohms ±1% 0.125W, 1/8W Chip Resistor 0805 (2012 Metric) Automotive AEC-Q200 Thick Film",https://www.vishay.com/docs/20035/dcrcwe3.pdf,Vishay Dale,CRCW0805100RFKEA,https://www.mouser.ca/ProductDetail/Vishay/CRCW0805100RFKEA?qs=LOX6nxTstiYDPDKmuLyNLw%3D%3D,71-CRCW0805-100-E3,https://www.digikey.ca/en/products/detail/vishay-dale/CRCW0805100RFKEA/1175523,541-100CCT-ND ,,,
23,R3,1,1,,"76.8K+- 1%, ±100ppm/°C",RES SMD 76.8K OHM 1% 1/8W 0805,0805 (2012 Metric),Resistor_SMD:R_0805_2012Metric_Pad1.20x1.40mm_HandSolder,"76.8 kOhms ±1% 0.125W, 1/8W Chip Resistor 0805 (2012 Metric) Automotive AEC-Q200 Thick Film",https://www.vishay.com/docs/20035/dcrcwe3.pdf,Vishay Dale,CRCW080576K8FKEA,https://www.mouser.ca/ProductDetail/Vishay/CRCW080576K8FKEA?qs=Lu3mkJd%252BoBETDVTzIaHY%2FQ%3D%3D,71-CRCW080576K8FKEA,https://www.digikey.com/en/products/detail/vishay-dale/CRCW080576K8FKEA/1175852,541-76.8KCCT-ND ,,,
24,R4,1,1,,"10K +-1%, ±100ppm/°C",RES 10K OHM 1% 1/8W 0805,0805 (2012 Metric),Resistor_SMD:R_0805_2012Metric_Pad1.20x1.40mm_HandSolder,"10 kOhms ±1% 0.125W, 1/8W Chip Resistor 0805 (2012 Metric) Thick Film",https://www.vishay.com/docs/28773/crcwce3.pdf,Vishay Dale,CRCW080510K0FKEAC,https://www.mouser.ca/ProductDetail/Vishay/CRCW080510K0FKEAC?qs=E3Y5ESvWgWORadmUijPtxQ%3D%3D,71-CRCW080510K0FKEAC,https://www.digikey.com/en/products/detail/vishay-dale/CRCW080510K0FKEAC/7928398,541-3976-1-ND ,,,
25,"R5,R6,R7,R8,R9,R25",6,6,,10K ±1%,RES SMD 10K OHM 1% 1/8W 0805,0805 (2012 Metric),Resistor_SMD:R_0805_2012Metric_Pad1.20x1.40mm_HandSolder,"10 kOhms ±1% 0.125W, 1/8W Chip Resistor 0805 (2012 Metric) Automotive AEC-Q200 Thick Film",https://www.vishay.com/docs/20035/dcrcwe3.pdf,Vishay Dale,CRCW080510K0FKEA,https://www.mouser.ca/ProductDetail/Vishay/CRCW080510K0FKEA?qs=LOX6nxTstiZjDFtI%2F0c8Lw%3D%3D,71-CRCW0805-10K-E3,https://www.digikey.ca/en/products/detail/vishay-dale/CRCW080510K0FKEA/1175751,541-10.0KCCT-ND ,,,
26,R10,16,1,16,Full Bridge Strain Gauge 350 ohm,Full Bridge Strain Gauge 350 ohm,n/a,,1PCS BHF/BF350-3EB-AWG Full Bridge Strain Gauge Foil 350 ohm Strain Gauge High Precision Pressure Sensor,https://www.aliexpress.com/item/1005006546478858.html,Brand Name ZDA,BF350-3EB-AWG,,,,,https://www.aliexpress.com/item/1005006546478858.html,BF350-3EB-AWG 1PCS,
27,"R12,R14,R16,R18,R20,R22,R24,R26",8,8,,1M ±1%,RES SMD 1M OHM 1% 1/8W 0805,0805 (2012 Metric),Resistor_SMD:R_0805_2012Metric_Pad1.20x1.40mm_HandSolder,"1 MOhms ±1% 0.125W, 1/8W Chip Resistor 0805 (2012 Metric) Automotive AEC-Q200 Thick Film",https://www.vishay.com/docs/20035/dcrcwe3.pdf,Vishay Dale,CRCW08051M00FKEA,https://www.mouser.ca/ProductDetail/Vishay/CRCW08051M00FKEA?qs=1CkV0QOCgMoYllQJ5f1DKQ%3D%3D,71-CRCW0805-1.0M-E3,https://www.digikey.ca/en/products/detail/vishay-dale/CRCW08051M00FKEA/1176016,541-1.00MCCT-ND ,,,
28,SW1,1,1,,ON/OFF_SW_SPST_LED,SWITCH ROCKER SPST-NO 20A 12V,n/a,Connector_PinHeader_2.54mm:PinHeader_1x04_P2.54mm_Vertical,"Rocker Switch SPST-NO 20A (DC) Panel Mount, Snap-In",https://mm.digikey.com/Volume0/opasdata/d220001/medias/docus/6662/432_V%20Datasheet.pdf,Carling Technologies,V2D2S00B-GZCAD-100-XACT1,No Results,No Results,https://www.digikey.ca/en/products/detail/carling-technologies/V2D2S00B-GZCAD-100-XACT1/11481760,432-V2D2S00B-GZCAD-100-XACT1-ND,,,DNP
29,U1,2,1,2,NUCLEO-L476RG,NUCLEO-64 STM32L476RG EVAL BRD,n/a,Lib:MODULE_NUCLEO-L476RG,STM32L476 Nucleo-64 STM32L4 ARM® Cortex®-M4 MCU 32-Bit Embedded Evaluation Board,https://www.st.com/content/ccc/resource/technical/document/data_brief/c8/3c/30/f7/d6/08/4a/26/DM00105918.pdf/files/DM00105918.pdf/jcr:content/translations/en.DM00105918.pdf,STMicroelectronics,NUCLEO-L476RG,https://www.mouser.ca/ProductDetail/STMicroelectronics/NUCLEO-L476RG?qs=PRtH0mD6DWbM6mRV5DKjBQ%3D%3D,511-NUCLEO-L476RG,https://www.digikey.ca/en/products/detail/stmicroelectronics/NUCLEO-L476RG/5347711,497-15881-ND,,,
30,U2,1,1,,LMR51603XFDBVR,IC REG BUCK ADJ 600MA SOT23-6,SOT-23-6,Lib:LMR51603XFDBVR_DBV0006A-MFG-IPC_C,Buck Switching Regulator IC Positive Adjustable 0.8V 1 Output 600mA SOT-23-6,https://www.ti.com/lit/ds/symlink/lmr51606.pdf?ts=1704242784728&ref_url=https%253A%252F%252Fwww.ti.com%252Fproduct%252FLMR51606,Texas Instruments,LMR51606XDBVR,https://www.mouser.ca/ProductDetail/Texas-Instruments/LMR51606XDBVR?qs=mELouGlnn3eccxHdZD5yuw%3D%3D,595-LMR51606XDBVR,https://www.digikey.ca/en/products/detail/texas-instruments/LMR51606XDBVR,296-LMR51606XDBVRCT-ND ,,,
31,U3,1,1,,MPU-6500,IMU ACCEL/GYRO 3-AXIS I2C 24QFN,24-VFQFN Module Exposed Pad,Lib:MPU-6500_QFN40P300X300X95-25N,"Accelerometer, Gyroscope, 6 Axis Sensor I2C, SPI Output",https://invensense.tdk.com/wp-content/uploads/2020/06/PS-MPU-6500A-01-v1.3.pdf,TDK InvenSense,MPU-6500,https://www.mouser.ca/ProductDetail/TDK-InvenSense/MPU-6500?qs=u4fy%2FsgLU9PiIOIlWOSPhQ%3D%3D,410-MPU-6500,https://www.digikey.ca/en/products/detail/tdk-invensense/MPU-6500/4385413?gad_source=1&gad_campaignid=17336435733&gbraid=0AAAAADrbLli2X3rBYUnaU5farCoGk4chC&gclid=CjwKCAjwgb_CBhBMEiwA0p3oOGaB6BfzWoBCXH4woWaV_1k9_klLmADBx2K02ppnibgiPqFg6zX-RBoChAoQAvD_BwE&gclsrc=aw.ds,1428-1011-1-ND ,,,
32,U4,2,1,2,Adafruit 3070,RFM69HCW TRANSCEIVER RADIO BREAK,Module,Lib:Adafruit3070,"RFM69HCW - Transceiver 868MHz, 915MHz Evaluation Board",https://cdn-learn.adafruit.com/downloads/pdf/adafruit-rfm69hcw-and-rfm96-rfm95-rfm98-lora-packet-padio-breakouts.pdf,Adafruit Industries LLC,3070,https://www.mouser.ca/ProductDetail/Adafruit/3070?qs=AGnqjqvSJvLhs1q9K1razA%3D%3D,485-3070,https://www.digikey.ca/en/products/detail/adafruit-industries-llc/3070/6005355?s=N4IgTCBcDaIIIBMCGAzATgVwJYBcAEAzAAwDsRIAugL5A,1528-1665-ND,,,

